{
  "pi_semantic": {
    "recall": 0.75,
    "ops": 2.0,
    "retrieval_ub": 0.021402563360085877,
    "em": 0.5,
    "f1": 0.6166650451792355,
    "e2e_ub": 0.6479144371214488
  },
  "pi_lexical": {
    "recall": 0.81,
    "ops": 2.0,
    "retrieval_ub": 0.025012852180336494,
    "em": 0.5,
    "f1": 0.6429611782037672,
    "e2e_ub": 0.703360455376293
  },
  "pi_ensemble": {
    "recall": 0.94,
    "ops": 3.0,
    "retrieval_ub": 0.01132995878856926,
    "em": 0.56,
    "f1": 0.7012816179508233,
    "e2e_ub": 0.7308839783877101
  },
  "pi_aea_heuristic": {
    "recall": 0.795,
    "ops": 1.21,
    "retrieval_ub": 0.03239427225979591,
    "em": 0.48,
    "f1": 0.6303484537527719,
    "e2e_ub": 0.7599119641194988
  },
  "pi_llm_routed": {
    "recall": 0.845,
    "ops": 2.54,
    "retrieval_ub": 0.0068854854427273645,
    "em": 0.5,
    "f1": 0.6368743496368104,
    "e2e_ub": 0.6519537623583628
  }
}